{"male_age": 30.72664459161148, "female_age": 27.915708812260537, "fare": 14.4542}